RegionID(Integer),Region(String),SaleDate(DateTime),Store(Integer),Quantity(Integer),Profit(Float)
1,Canada West,01/03/04 12:00 AM,1005,7,57.98
1,Canada West,01/04/04 12:00 AM,1005,1,4
1,Canada West,01/07/04 12:00 AM,1003,12,91
1,Canada West,01/08/04 12:00 AM,1005,11,50.5195
1,Canada West,01/10/04 12:00 AM,1003,2,21
1,Canada West,01/11/04 12:00 AM,1003,10,57.49
1,Canada West,01/12/04 12:00 AM,1003,3,27
1,Canada West,01/15/04 12:00 AM,1003,10,71.0255
1,Canada West,01/18/04 12:00 AM,1004,2,10.49
1,Canada West,01/20/04 12:00 AM,1003,12,104.23
1,Canada West,01/20/04 12:00 AM,1004,12,71.39
1,Canada West,01/22/04 12:00 AM,1004,10,73
1,Canada West,01/23/04 12:00 AM,1001,8,76.3711
1,Canada West,01/28/04 12:00 AM,1005,9,84.545
1,Canada West,02/01/04 12:00 AM,1005,19,189
1,Canada West,02/02/04 12:00 AM,1003,5,14
1,Canada West,02/03/04 12:00 AM,1003,4,29
1,Canada West,02/06/04 12:00 AM,1005,6,30
1,Canada West,02/08/04 12:00 AM,1004,9,57.49
1,Canada West,02/10/04 12:00 AM,1005,3,0.3612
1,Canada West,02/11/04 12:00 AM,1005,2,8
1,Canada West,02/14/04 12:00 AM,1003,14,105.1604
1,Canada West,02/15/04 12:00 AM,1001,5,35.45
1,Canada West,02/22/04 12:00 AM,1004,20,135.88
1,Canada West,02/22/04 12:00 AM,1005,8,87.8
1,Canada West,02/25/04 12:00 AM,1001,15,107.389
1,Canada West,02/25/04 12:00 AM,1005,2,12.8305
1,Canada West,02/28/04 12:00 AM,1001,4,10
1,Canada West,02/28/04 12:00 AM,1004,5,35
1,Canada West,03/02/04 12:00 AM,1003,16,125.94
1,Canada West,03/03/04 12:00 AM,1004,11,136.25
1,Canada West,03/07/04 12:00 AM,1003,25,227.87
1,Canada West,03/08/04 12:00 AM,1005,3,36
1,Canada West,03/10/04 12:00 AM,1005,1,4
1,Canada West,03/12/04 12:00 AM,1004,5,29
1,Canada West,03/15/04 12:00 AM,1003,12,102
1,Canada West,03/16/04 12:00 AM,1003,4,56
1,Canada West,03/17/04 12:00 AM,1004,9,41.49
1,Canada West,03/17/04 12:00 AM,1005,2,11.99
1,Canada West,03/22/04 12:00 AM,1004,10,99.8
1,Canada West,03/22/04 12:00 AM,1005,12,103.814
1,Canada West,03/24/04 12:00 AM,1003,1,11.95
1,Canada West,03/24/04 12:00 AM,1005,4,29.0306
1,Canada West,03/25/04 12:00 AM,1005,15,84.45
1,Canada West,03/29/04 12:00 AM,1001,14,110
1,Canada West,03/30/04 12:00 AM,1005,4,24.95
1,Canada West,03/31/04 12:00 AM,1003,14,108.84
1,Canada West,03/31/04 12:00 AM,1004,8,72.45
1,Canada West,04/01/04 12:00 AM,1001,15,134.37
1,Canada West,04/07/04 12:00 AM,1001,3,24
1,Canada West,04/08/04 12:00 AM,1004,15,141.45
1,Canada West,04/14/04 12:00 AM,1003,7,47
1,Canada West,04/20/04 12:00 AM,1003,1,11
1,Canada West,04/21/04 12:00 AM,1003,6,38
1,Canada West,04/21/04 12:00 AM,1005,3,21.6175
1,Canada West,04/23/04 12:00 AM,1004,11,77.45
1,Canada West,04/24/04 12:00 AM,1003,11,82
1,Canada West,04/24/04 12:00 AM,1005,16,136.902
1,Canada West,04/25/04 12:00 AM,1003,5,46.9053
1,Canada West,04/27/04 12:00 AM,1001,9,60.98
1,Canada West,04/27/04 12:00 AM,1004,9,67.4
1,Canada West,04/28/04 12:00 AM,1001,4,22
1,Canada West,04/30/04 12:00 AM,1003,7,27.49
1,Canada West,05/02/04 12:00 AM,1005,2,21
1,Canada West,05/04/04 12:00 AM,1001,9,80.49
1,Canada West,05/09/04 12:00 AM,1005,17,133
1,Canada West,05/11/04 12:00 AM,1004,2,16
1,Canada West,05/12/04 12:00 AM,1003,2,13.45
1,Canada West,05/15/04 12:00 AM,1001,6,65.49
1,Canada West,05/18/04 12:00 AM,1004,1,8
1,Canada West,05/19/04 12:00 AM,1003,1,1
1,Canada West,05/20/04 12:00 AM,1005,5,34.45
1,Canada West,05/23/04 12:00 AM,1004,16,148.44
1,Canada West,05/26/04 12:00 AM,1005,11,81.6427
1,Canada West,05/27/04 12:00 AM,1001,5,30.4295
1,Canada West,05/28/04 12:00 AM,1004,5,43
1,Canada West,05/28/04 12:00 AM,1005,14,105.35
1,Canada West,05/29/04 12:00 AM,1001,8,44.44
1,Canada West,05/30/04 12:00 AM,1004,19,93.39
1,Canada West,06/01/04 12:00 AM,1005,3,32
1,Canada West,06/02/04 12:00 AM,1003,9,67.2601
1,Canada West,06/02/04 12:00 AM,1005,11,68.0995
1,Canada West,06/09/04 12:00 AM,1003,3,14
1,Canada West,06/10/04 12:00 AM,1004,1,2
1,Canada West,06/11/04 12:00 AM,1004,14,88.44
1,Canada West,06/13/04 12:00 AM,1001,11,85.5935
1,Canada West,06/18/04 12:00 AM,1005,5,26
1,Canada West,06/19/04 12:00 AM,1005,2,16.95
1,Canada West,06/20/04 12:00 AM,1003,9,60.304
1,Canada West,06/21/04 12:00 AM,1005,1,1
1,Canada West,06/24/04 12:00 AM,1004,2,22
1,Canada West,06/26/04 12:00 AM,1005,3,18.95
1,Canada West,06/30/04 12:00 AM,1004,8,48.028
1,Canada West,07/01/04 12:00 AM,1004,7,62
1,Canada West,07/02/04 12:00 AM,1003,11,99.94
1,Canada West,07/07/04 12:00 AM,1001,1,4
1,Canada West,07/10/04 12:00 AM,1003,4,41.0102
1,Canada West,07/11/04 12:00 AM,1004,1,5
1,Canada West,07/13/04 12:00 AM,1003,2,14
1,Canada West,07/13/04 12:00 AM,1005,5,27.49
1,Canada West,07/15/04 12:00 AM,1005,6,52.0209
1,Canada West,07/17/04 12:00 AM,1005,25,186.94
1,Canada West,07/21/04 12:00 AM,1001,14,90
1,Canada West,07/22/04 12:00 AM,1001,10,94.3151
1,Canada West,07/22/04 12:00 AM,1003,11,57
1,Canada West,07/23/04 12:00 AM,1005,9,58
1,Canada West,07/26/04 12:00 AM,1001,6,44.021
1,Canada West,07/27/04 12:00 AM,1004,2,11
1,Canada West,07/30/04 12:00 AM,1005,12,100.41
1,Canada West,08/01/04 12:00 AM,1004,10,93.8
1,Canada West,08/02/04 12:00 AM,1004,10,75.8806
1,Canada West,08/05/04 12:00 AM,1001,8,47.99
1,Canada West,08/06/04 12:00 AM,1001,1,11.99
1,Canada West,08/07/04 12:00 AM,1004,8,23.98
1,Canada West,08/10/04 12:00 AM,1004,14,127.95
1,Canada West,08/12/04 12:00 AM,1004,13,73.502
1,Canada West,08/15/04 12:00 AM,1003,1,9
1,Canada West,08/16/04 12:00 AM,1001,13,123.95
1,Canada West,08/17/04 12:00 AM,1004,12,88.95
1,Canada West,08/19/04 12:00 AM,1003,9,32.99
1,Canada West,08/19/04 12:00 AM,1004,1,9
1,Canada West,08/21/04 12:00 AM,1003,10,75
1,Canada West,08/24/04 12:00 AM,1005,11,95.45
1,Canada West,08/26/04 12:00 AM,1001,6,52.45
1,Canada West,08/29/04 12:00 AM,1004,1,8
1,Canada West,08/31/04 12:00 AM,1003,6,50.48
1,Canada West,09/02/04 12:00 AM,1003,9,57
1,Canada West,09/03/04 12:00 AM,1003,9,78
1,Canada West,09/04/04 12:00 AM,1001,6,38.43
1,Canada West,09/05/04 12:00 AM,1005,11,69.521
1,Canada West,09/08/04 12:00 AM,1001,3,24.49
1,Canada West,09/08/04 12:00 AM,1003,16,94
1,Canada West,09/08/04 12:00 AM,1004,8,39.302
1,Canada West,09/09/04 12:00 AM,1005,18,139.7465
1,Canada West,09/10/04 12:00 AM,1003,9,40
1,Canada West,09/12/04 12:00 AM,1003,19,96.6059
1,Canada West,09/13/04 12:00 AM,1005,7,80.49
1,Canada West,09/14/04 12:00 AM,1004,13,103.25
1,Canada West,09/15/04 12:00 AM,1001,4,36.45
1,Canada West,09/15/04 12:00 AM,1003,10,87.95
1,Canada West,09/16/04 12:00 AM,1004,7,64.0704
1,Canada West,09/25/04 12:00 AM,1001,5,23.45
1,Canada West,09/26/04 12:00 AM,1004,10,86.34
1,Canada West,09/27/04 12:00 AM,1001,3,21.2206
1,Canada West,09/29/04 12:00 AM,1003,12,80.45
1,Canada West,10/01/04 12:00 AM,1005,13,135.6916
1,Canada West,10/04/04 12:00 AM,1001,9,63.9
1,Canada West,10/04/04 12:00 AM,1004,12,116
1,Canada West,10/06/04 12:00 AM,1004,4,28.45
1,Canada West,10/07/04 12:00 AM,1005,7,50.45
1,Canada West,10/09/04 12:00 AM,1001,16,131.352
1,Canada West,10/10/04 12:00 AM,1004,8,30.9506
1,Canada West,10/10/04 12:00 AM,1005,1,10
1,Canada West,10/11/04 12:00 AM,1004,8,73
1,Canada West,10/11/04 12:00 AM,1005,8,64
1,Canada West,10/17/04 12:00 AM,1005,5,37
1,Canada West,10/19/04 12:00 AM,1005,14,101.95
1,Canada West,10/20/04 12:00 AM,1001,13,108.98
1,Canada West,10/21/04 12:00 AM,1001,1,6
1,Canada West,10/21/04 12:00 AM,1005,16,129.7725
1,Canada West,10/22/04 12:00 AM,1004,10,61.94
1,Canada West,10/24/04 12:00 AM,1003,3,20
1,Canada West,10/24/04 12:00 AM,1004,2,18
1,Canada West,10/25/04 12:00 AM,1004,6,63.95
1,Canada West,10/26/04 12:00 AM,1005,5,42
1,Canada West,10/28/04 12:00 AM,1001,21,180.38
1,Canada West,10/28/04 12:00 AM,1004,2,18.7601
1,Canada West,11/02/04 12:00 AM,1004,1,6
1,Canada West,11/03/04 12:00 AM,1001,4,25.49
1,Canada West,11/03/04 12:00 AM,1004,14,83.49
1,Canada West,11/07/04 12:00 AM,1004,4,27.9005
1,Canada West,11/09/04 12:00 AM,1003,19,143.45
1,Canada West,11/09/04 12:00 AM,1004,23,171.7291
1,Canada West,11/13/04 12:00 AM,1003,10,93.5085
1,Canada West,11/15/04 12:00 AM,1003,2,22
1,Canada West,11/17/04 12:00 AM,1004,2,24.49
1,Canada West,11/18/04 12:00 AM,1005,5,22.49
1,Canada West,11/19/04 12:00 AM,1001,2,17
1,Canada West,11/19/04 12:00 AM,1004,15,104.8
1,Canada West,11/20/04 12:00 AM,1003,1,5
1,Canada West,11/20/04 12:00 AM,1004,1,15
1,Canada West,11/20/04 12:00 AM,1005,5,51.6155
1,Canada West,11/21/04 12:00 AM,1003,3,20
1,Canada West,11/22/04 12:00 AM,1003,14,117.9
1,Canada West,11/22/04 12:00 AM,1004,3,18.45
1,Canada West,11/23/04 12:00 AM,1004,9,64
1,Canada West,11/24/04 12:00 AM,1001,10,82.94
1,Canada West,11/24/04 12:00 AM,1004,9,66
1,Canada West,11/27/04 12:00 AM,1004,6,47.45
1,Canada West,11/28/04 12:00 AM,1005,11,95
1,Canada West,12/01/04 12:00 AM,1005,11,86.92
1,Canada West,12/03/04 12:00 AM,1003,7,53.342
1,Canada West,12/08/04 12:00 AM,1003,8,53.1925
1,Canada West,12/09/04 12:00 AM,1001,17,141.99
1,Canada West,12/09/04 12:00 AM,1004,9,50.94
1,Canada West,12/10/04 12:00 AM,1001,10,64
1,Canada West,12/12/04 12:00 AM,1004,5,42
1,Canada West,12/13/04 12:00 AM,1003,3,15.49
1,Canada West,12/14/04 12:00 AM,1001,13,114.39
1,Canada West,12/15/04 12:00 AM,1005,1,9
1,Canada West,12/17/04 12:00 AM,1005,24,190.012
1,Canada West,12/23/04 12:00 AM,1001,4,44.45
1,Canada West,12/25/04 12:00 AM,1001,4,28
1,Canada West,12/25/04 12:00 AM,1003,19,162.88
1,Canada West,12/26/04 12:00 AM,1003,2,22
1,Canada West,12/26/04 12:00 AM,1004,4,12
1,Canada West,12/29/04 12:00 AM,1003,9,72.655
1,Canada West,01/01/05 12:00 AM,1005,9,64.49
1,Canada West,01/04/05 12:00 AM,1004,4,26
1,Canada West,01/06/05 12:00 AM,1001,8,30.1868
1,Canada West,01/07/05 12:00 AM,1001,2,19.99
1,Canada West,01/08/05 12:00 AM,1001,4,21
1,Canada West,01/08/05 12:00 AM,1003,17,149.25
1,Canada West,01/09/05 12:00 AM,1001,19,127.9587
1,Canada West,01/09/05 12:00 AM,1005,2,17.151
1,Canada West,01/12/05 12:00 AM,1004,8,57
1,Canada West,01/16/05 12:00 AM,1004,6,29
1,Canada West,01/17/05 12:00 AM,1003,9,56.49
1,Canada West,01/21/05 12:00 AM,1004,8,78
1,Canada West,01/23/05 12:00 AM,1004,9,75.44
1,Canada West,01/25/05 12:00 AM,1005,6,61
1,Canada West,01/28/05 12:00 AM,1003,13,136.7705
1,Canada West,01/31/05 12:00 AM,1005,2,11.99
1,Canada West,02/01/05 12:00 AM,1001,3,10
1,Canada West,02/01/05 12:00 AM,1003,2,26.98
1,Canada West,02/02/05 12:00 AM,1004,14,132
1,Canada West,02/05/05 12:00 AM,1004,8,70
1,Canada West,02/06/05 12:00 AM,1003,11,88.7405
1,Canada West,02/07/05 12:00 AM,1004,11,92.8
1,Canada West,02/08/05 12:00 AM,1005,1,14
1,Canada West,02/10/05 12:00 AM,1005,3,14
1,Canada West,02/12/05 12:00 AM,1003,1,9
1,Canada West,02/16/05 12:00 AM,1001,17,109.0589
1,Canada West,02/17/05 12:00 AM,1001,4,31.45
1,Canada West,02/18/05 12:00 AM,1003,14,66.703
1,Canada West,02/22/05 12:00 AM,1001,5,28
1,Canada West,02/22/05 12:00 AM,1004,11,34
1,Canada West,02/23/05 12:00 AM,1003,15,91.8651
1,Canada West,02/27/05 12:00 AM,1004,11,84.94
1,Canada West,02/27/05 12:00 AM,1005,6,25.99
1,Canada West,02/28/05 12:00 AM,1004,11,84.45
1,Canada West,03/06/05 12:00 AM,1004,11,90.651
1,Canada West,03/08/05 12:00 AM,1001,7,79.45
1,Canada West,03/11/05 12:00 AM,1004,18,116
1,Canada West,03/12/05 12:00 AM,1004,10,80
1,Canada West,03/12/05 12:00 AM,1005,19,121.24
1,Canada West,03/14/05 12:00 AM,1005,8,72.45
1,Canada West,03/15/05 12:00 AM,1003,1,12
1,Canada West,03/17/05 12:00 AM,1001,3,28
1,Canada West,03/18/05 12:00 AM,1005,1,10.45
1,Canada West,03/19/05 12:00 AM,1001,11,100.8304
1,Canada West,03/21/05 12:00 AM,1003,8,61.151
1,Canada West,03/21/05 12:00 AM,1005,4,26.1106
1,Canada West,03/24/05 12:00 AM,1001,14,111.39
1,Canada West,03/25/05 12:00 AM,1001,11,80.3001
1,Canada West,03/25/05 12:00 AM,1004,7,49.45
1,Canada West,03/27/05 12:00 AM,1004,4,20.0755
1,Canada West,03/28/05 12:00 AM,1004,14,102.0434
1,Canada West,03/29/05 12:00 AM,1005,3,18
1,Canada West,03/31/05 12:00 AM,1005,11,75.49
1,Canada West,04/02/05 12:00 AM,1003,9,72.44
1,Canada West,04/04/05 12:00 AM,1005,7,36
1,Canada West,04/07/05 12:00 AM,1004,14,78
1,Canada West,04/09/05 12:00 AM,1003,6,54
1,Canada West,04/10/05 12:00 AM,1003,11,69.96
1,Canada West,04/11/05 12:00 AM,1005,11,67.7428
1,Canada West,04/12/05 12:00 AM,1005,3,28
1,Canada West,04/15/05 12:00 AM,1001,17,106.8025
1,Canada West,04/18/05 12:00 AM,1003,19,146.5195
1,Canada West,04/18/05 12:00 AM,1005,4,44.9
1,Canada West,04/20/05 12:00 AM,1001,1,13
1,Canada West,04/21/05 12:00 AM,1005,2,22
1,Canada West,04/22/05 12:00 AM,1005,8,72.2935
1,Canada West,04/23/05 12:00 AM,1001,12,84.664
1,Canada West,04/24/05 12:00 AM,1005,21,130.9
1,Canada West,04/26/05 12:00 AM,1003,12,109.45
1,Canada West,04/27/05 12:00 AM,1004,2,9
1,Canada West,04/29/05 12:00 AM,1001,21,121.0908
1,Canada West,04/30/05 12:00 AM,1004,10,65.3
1,Canada West,05/02/05 12:00 AM,1001,1,5
1,Canada West,05/03/05 12:00 AM,1001,8,50.4806
1,Canada West,05/04/05 12:00 AM,1001,16,130
1,Canada West,05/05/05 12:00 AM,1001,10,65.4008
1,Canada West,05/07/05 12:00 AM,1003,7,30.49
1,Canada West,05/09/05 12:00 AM,1001,12,56.45
1,Canada West,05/10/05 12:00 AM,1003,3,37.95
1,Canada West,05/12/05 12:00 AM,1003,8,69
1,Canada West,05/13/05 12:00 AM,1001,8,57
1,Canada West,05/13/05 12:00 AM,1004,15,129.8
1,Canada West,05/15/05 12:00 AM,1004,12,96
1,Canada West,05/18/05 12:00 AM,1003,15,71.4453
1,Canada West,05/20/05 12:00 AM,1004,1,5.6995
1,Canada West,05/21/05 12:00 AM,1003,6,44.49
1,Canada West,05/23/05 12:00 AM,1003,3,18.49
1,Canada West,05/25/05 12:00 AM,1003,12,90
1,Canada West,05/25/05 12:00 AM,1004,1,13
1,Canada West,05/26/05 12:00 AM,1003,22,175.89
1,Canada West,05/27/05 12:00 AM,1004,16,166.45
1,Canada West,05/29/05 12:00 AM,1001,7,38
1,Canada West,05/29/05 12:00 AM,1004,1,12
1,Canada West,05/30/05 12:00 AM,1004,14,137.49
1,Canada West,06/01/05 12:00 AM,1001,20,207.45
1,Canada West,06/03/05 12:00 AM,1001,1,8
1,Canada West,06/04/05 12:00 AM,1004,9,63.49
1,Canada West,06/04/05 12:00 AM,1005,12,115.183
1,Canada West,06/05/05 12:00 AM,1003,8,83.85
1,Canada West,06/07/05 12:00 AM,1003,6,42.49
1,Canada West,06/13/05 12:00 AM,1003,9,66.4223
1,Canada West,06/13/05 12:00 AM,1004,15,141
1,Canada West,06/13/05 12:00 AM,1005,7,60.49
1,Canada West,06/14/05 12:00 AM,1001,5,54
1,Canada West,06/14/05 12:00 AM,1003,6,79.98
1,Canada West,06/14/05 12:00 AM,1004,2,16
1,Canada West,06/15/05 12:00 AM,1001,16,131.45
1,Canada West,06/15/05 12:00 AM,1005,7,41
1,Canada West,06/22/05 12:00 AM,1005,14,139
1,Canada West,06/23/05 12:00 AM,1004,10,34
1,Canada West,06/24/05 12:00 AM,1004,10,101.282
1,Canada West,06/24/05 12:00 AM,1005,7,37.592
1,Canada West,06/26/05 12:00 AM,1003,27,178.4
1,Canada West,06/27/05 12:00 AM,1001,8,41
1,Canada West,06/28/05 12:00 AM,1001,7,41
1,Canada West,06/30/05 12:00 AM,1001,13,120.8
1,Canada West,07/01/05 12:00 AM,1005,13,101.7661
1,Canada West,07/03/05 12:00 AM,1001,9,73.97
1,Canada West,07/03/05 12:00 AM,1005,1,6
1,Canada West,07/05/05 12:00 AM,1001,12,66.94
1,Canada West,07/05/05 12:00 AM,1005,18,121.4259
1,Canada West,07/08/05 12:00 AM,1005,4,44
1,Canada West,07/10/05 12:00 AM,1004,7,30
1,Canada West,07/12/05 12:00 AM,1001,3,29.95
1,Canada West,07/12/05 12:00 AM,1004,19,163.6455
1,Canada West,07/12/05 12:00 AM,1005,6,58.99
1,Canada West,07/14/05 12:00 AM,1001,7,40.99
1,Canada West,07/14/05 12:00 AM,1003,18,155.45
1,Canada West,07/15/05 12:00 AM,1004,9,56.2401
1,Canada West,07/16/05 12:00 AM,1001,2,17
1,Canada West,07/18/05 12:00 AM,1003,3,21
1,Canada West,07/20/05 12:00 AM,1001,8,36.8925
1,Canada West,07/24/05 12:00 AM,1003,9,47
1,Canada West,07/28/05 12:00 AM,1001,6,35.45
1,Canada West,07/28/05 12:00 AM,1005,16,97.5502
1,Canada West,07/30/05 12:00 AM,1001,4,22
1,Canada West,07/30/05 12:00 AM,1005,5,35
1,Canada West,07/31/05 12:00 AM,1004,4,36
1,Canada West,08/01/05 12:00 AM,1001,14,83.75
1,Canada West,08/02/05 12:00 AM,1003,2,14.7851
1,Canada West,08/02/05 12:00 AM,1004,5,54
1,Canada West,08/05/05 12:00 AM,1003,7,55
1,Canada West,08/06/05 12:00 AM,1001,10,105.302
1,Canada West,08/06/05 12:00 AM,1003,10,75.49
1,Canada West,08/06/05 12:00 AM,1004,13,72.94
1,Canada West,08/07/05 12:00 AM,1003,8,57.49
1,Canada West,08/09/05 12:00 AM,1003,1,12
1,Canada West,08/11/05 12:00 AM,1004,7,80.98
1,Canada West,08/12/05 12:00 AM,1005,2,2.651
1,Canada West,08/13/05 12:00 AM,1005,24,187.6391
1,Canada West,08/15/05 12:00 AM,1001,7,58.48
1,Canada West,08/16/05 12:00 AM,1004,10,79.002
1,Canada West,08/16/05 12:00 AM,1005,2,10.49
1,Canada West,08/17/05 12:00 AM,1005,6,59.111
1,Canada West,08/18/05 12:00 AM,1001,6,38.45
1,Canada West,08/18/05 12:00 AM,1003,1,12
1,Canada West,08/21/05 12:00 AM,1004,27,224.084
1,Canada West,08/22/05 12:00 AM,1005,24,199.45
1,Canada West,08/24/05 12:00 AM,1004,5,63
1,Canada West,08/26/05 12:00 AM,1003,14,137.888
1,Canada West,08/27/05 12:00 AM,1001,7,43.99
1,Canada West,08/28/05 12:00 AM,1001,12,87.44
1,Canada West,09/01/05 12:00 AM,1005,10,51
1,Canada West,09/02/05 12:00 AM,1001,5,25.49
1,Canada West,09/04/05 12:00 AM,1001,22,211.3832
1,Canada West,09/04/05 12:00 AM,1003,6,50.49
1,Canada West,09/07/05 12:00 AM,1001,11,98.354
1,Canada West,09/10/05 12:00 AM,1003,12,86
1,Canada West,09/11/05 12:00 AM,1001,5,37.4765
1,Canada West,09/12/05 12:00 AM,1001,7,46.49
1,Canada West,09/13/05 12:00 AM,1004,4,22.8518
1,Canada West,09/13/05 12:00 AM,1005,11,98.45
1,Canada West,09/14/05 12:00 AM,1003,6,29.95
1,Canada West,09/18/05 12:00 AM,1003,8,64
1,Canada West,09/20/05 12:00 AM,1005,14,114.35
1,Canada West,09/21/05 12:00 AM,1004,9,77.95
1,Canada West,09/23/05 12:00 AM,1003,10,83.99
1,Canada West,09/23/05 12:00 AM,1005,14,101.3404
1,Canada West,09/25/05 12:00 AM,1001,15,130.363
1,Canada West,09/25/05 12:00 AM,1003,15,145.49
1,Canada West,09/26/05 12:00 AM,1003,4,38
1,Canada West,09/27/05 12:00 AM,1001,15,91.622
1,Canada West,09/27/05 12:00 AM,1005,10,78.141
1,Canada West,09/30/05 12:00 AM,1003,1,2
1,Canada West,10/02/05 12:00 AM,1003,10,66.98
1,Canada West,10/05/05 12:00 AM,1003,8,85.7605
1,Canada West,10/07/05 12:00 AM,1003,3,12.101
1,Canada West,10/07/05 12:00 AM,1005,3,35
1,Canada West,10/08/05 12:00 AM,1005,9,73.913
1,Canada West,10/09/05 12:00 AM,1001,5,20
1,Canada West,10/09/05 12:00 AM,1005,3,3
1,Canada West,10/10/05 12:00 AM,1004,5,43.29
1,Canada West,10/11/05 12:00 AM,1004,14,133.331
1,Canada West,10/11/05 12:00 AM,1005,2,11
1,Canada West,10/13/05 12:00 AM,1003,13,114.284
1,Canada West,10/14/05 12:00 AM,1001,20,144.94
1,Canada West,10/16/05 12:00 AM,1003,15,77.45
1,Canada West,10/17/05 12:00 AM,1001,1,3
1,Canada West,10/18/05 12:00 AM,1005,1,9.45
1,Canada West,10/19/05 12:00 AM,1003,12,114.9
1,Canada West,10/20/05 12:00 AM,1004,7,27
1,Canada West,10/21/05 12:00 AM,1005,7,71.95
1,Canada West,10/22/05 12:00 AM,1003,2,11
1,Canada West,10/23/05 12:00 AM,1003,19,133
1,Canada West,10/23/05 12:00 AM,1005,15,98.1404
1,Canada West,10/27/05 12:00 AM,1004,3,28.2855
1,Canada West,10/27/05 12:00 AM,1005,8,37.8551
1,Canada West,10/30/05 12:00 AM,1003,6,43.1985
1,Canada West,10/31/05 12:00 AM,1005,11,93.47
1,Canada West,11/02/05 12:00 AM,1004,1,12
1,Canada West,11/03/05 12:00 AM,1004,6,47.705
1,Canada West,11/04/05 12:00 AM,1001,13,119.5302
1,Canada West,11/06/05 12:00 AM,1003,19,165.9835
1,Canada West,11/07/05 12:00 AM,1005,4,28.3207
1,Canada West,11/09/05 12:00 AM,1005,12,87.1406
1,Canada West,11/10/05 12:00 AM,1001,3,21.49
1,Canada West,11/11/05 12:00 AM,1001,9,66
1,Canada West,11/12/05 12:00 AM,1005,14,80
1,Canada West,11/13/05 12:00 AM,1003,18,139.5935
1,Canada West,11/13/05 12:00 AM,1005,5,43.2505
1,Canada West,11/15/05 12:00 AM,1004,13,91
1,Canada West,11/17/05 12:00 AM,1001,3,16
1,Canada West,11/18/05 12:00 AM,1001,13,117
1,Canada West,11/18/05 12:00 AM,1003,21,148.912
1,Canada West,11/20/05 12:00 AM,1001,13,104.96
1,Canada West,11/20/05 12:00 AM,1004,7,58
1,Canada West,11/20/05 12:00 AM,1005,10,65.651
1,Canada West,11/21/05 12:00 AM,1003,19,133.3685
1,Canada West,11/23/05 12:00 AM,1005,1,12
1,Canada West,11/24/05 12:00 AM,1004,15,132.559
1,Canada West,11/25/05 12:00 AM,1005,10,69
1,Canada West,11/26/05 12:00 AM,1005,14,79.779
1,Canada West,11/28/05 12:00 AM,1003,11,76.1804
1,Canada West,11/28/05 12:00 AM,1005,14,127.95
1,Canada West,11/29/05 12:00 AM,1003,8,70
1,Canada West,11/30/05 12:00 AM,1001,1,7
1,Canada West,12/01/05 12:00 AM,1005,5,27
1,Canada West,12/02/05 12:00 AM,1003,24,185.417
1,Canada West,12/02/05 12:00 AM,1005,1,5
1,Canada West,12/03/05 12:00 AM,1001,19,98.49
1,Canada West,12/04/05 12:00 AM,1004,10,46.99
1,Canada West,12/05/05 12:00 AM,1003,14,80.45
1,Canada West,12/06/05 12:00 AM,1003,6,34.1755
1,Canada West,12/07/05 12:00 AM,1001,1,11
1,Canada West,12/09/05 12:00 AM,1001,18,150.94
1,Canada West,12/11/05 12:00 AM,1005,9,57.94
1,Canada West,12/12/05 12:00 AM,1005,2,13
1,Canada West,12/14/05 12:00 AM,1003,1,7
1,Canada West,12/14/05 12:00 AM,1004,1,6
1,Canada West,12/15/05 12:00 AM,1003,22,168.123
1,Canada West,12/16/05 12:00 AM,1004,14,123.3715
1,Canada West,12/17/05 12:00 AM,1005,10,91.94
1,Canada West,12/19/05 12:00 AM,1004,1,1
1,Canada West,12/20/05 12:00 AM,1005,10,48.45
1,Canada West,12/21/05 12:00 AM,1001,7,84.25
1,Canada West,12/22/05 12:00 AM,1001,1,1
1,Canada West,12/22/05 12:00 AM,1004,9,96.47
1,Canada West,12/22/05 12:00 AM,1005,4,48
1,Canada West,12/24/05 12:00 AM,1005,3,22
1,Canada West,12/25/05 12:00 AM,1001,11,107.653
1,Canada West,12/25/05 12:00 AM,1005,9,75
1,Canada West,12/26/05 12:00 AM,1001,8,54.4814
1,Canada West,12/26/05 12:00 AM,1005,1,6
1,Canada West,12/27/05 12:00 AM,1001,17,132.49
1,Canada West,12/29/05 12:00 AM,1003,17,125.4735
1,Canada West,12/29/05 12:00 AM,1004,25,179.2808
1,Canada West,12/29/05 12:00 AM,1005,5,20.99
1,Canada West,12/30/05 12:00 AM,1001,8,63
1,Canada West,12/30/05 12:00 AM,1003,3,20.49
2,North West,01/01/04 12:00 AM,1002,9,77.3403
2,North West,01/03/04 12:00 AM,1006,7,25
2,North West,01/06/04 12:00 AM,1006,6,48.1704
2,North West,01/09/04 12:00 AM,1002,7,59.9375
2,North West,01/11/04 12:00 AM,1006,4,40.45
2,North West,01/13/04 12:00 AM,1000,7,53.95
2,North West,01/14/04 12:00 AM,1006,5,34.5302
2,North West,01/21/04 12:00 AM,1006,3,3
2,North West,01/23/04 12:00 AM,1002,4,38
2,North West,01/24/04 12:00 AM,1006,1,1
2,North West,01/28/04 12:00 AM,1000,11,85.6095
2,North West,01/31/04 12:00 AM,1002,3,24
2,North West,02/01/04 12:00 AM,1006,14,114.35
2,North West,02/02/04 12:00 AM,1000,2,6.202
2,North West,02/05/04 12:00 AM,1002,1,13
2,North West,02/06/04 12:00 AM,1006,16,147.651
2,North West,02/08/04 12:00 AM,1002,9,41.45
2,North West,02/15/04 12:00 AM,1000,9,79.45
2,North West,02/21/04 12:00 AM,1002,4,27
2,North West,02/23/04 12:00 AM,1006,16,150.95
2,North West,02/25/04 12:00 AM,1000,3,18
2,North West,02/25/04 12:00 AM,1006,8,17.8401
2,North West,02/26/04 12:00 AM,1000,11,82.94
2,North West,03/01/04 12:00 AM,1000,15,65.4
2,North West,03/01/04 12:00 AM,1002,9,55.0902
2,North West,03/11/04 12:00 AM,1006,2,10
2,North West,03/15/04 12:00 AM,1006,11,99.73
2,North West,03/16/04 12:00 AM,1000,4,35
2,North West,03/19/04 12:00 AM,1000,8,65.5775
2,North West,03/20/04 12:00 AM,1000,9,73.44
2,North West,03/20/04 12:00 AM,1006,5,42.45
2,North West,03/28/04 12:00 AM,1006,3,29
2,North West,03/29/04 12:00 AM,1006,13,114.0857
2,North West,03/30/04 12:00 AM,1000,13,103.4
2,North West,04/02/04 12:00 AM,1002,1,6
2,North West,04/06/04 12:00 AM,1002,5,47.45
2,North West,04/07/04 12:00 AM,1000,11,56.98
2,North West,04/12/04 12:00 AM,1000,9,82.0265
2,North West,04/16/04 12:00 AM,1000,14,77
2,North West,04/16/04 12:00 AM,1006,16,122.45
2,North West,04/17/04 12:00 AM,1006,12,89
2,North West,04/19/04 12:00 AM,1000,17,93.5957
2,North West,04/20/04 12:00 AM,1002,14,108
2,North West,04/21/04 12:00 AM,1002,10,60
2,North West,04/23/04 12:00 AM,1006,7,52.136
2,North West,04/24/04 12:00 AM,1006,3,30.2495
2,North West,04/25/04 12:00 AM,1006,7,48
2,North West,04/27/04 12:00 AM,1006,4,34
2,North West,04/28/04 12:00 AM,1002,4,42.49
2,North West,04/29/04 12:00 AM,1006,18,127.2285
2,North West,05/02/04 12:00 AM,1002,6,34
2,North West,05/03/04 12:00 AM,1006,3,21
2,North West,05/04/04 12:00 AM,1006,16,135.7451
2,North West,05/08/04 12:00 AM,1002,14,145
2,North West,05/09/04 12:00 AM,1000,12,112.1375
2,North West,05/13/04 12:00 AM,1002,8,62.49
2,North West,05/15/04 12:00 AM,1002,5,27.611
2,North West,05/15/04 12:00 AM,1006,6,49.8253
2,North West,05/16/04 12:00 AM,1002,10,48.85
2,North West,05/18/04 12:00 AM,1006,5,31.7895
2,North West,05/27/04 12:00 AM,1002,10,72.25
2,North West,05/28/04 12:00 AM,1002,14,72
2,North West,05/28/04 12:00 AM,1006,7,40.2655
2,North West,05/31/04 12:00 AM,1002,19,139.49
2,North West,06/02/04 12:00 AM,1000,12,87.1604
2,North West,06/03/04 12:00 AM,1000,1,2
2,North West,06/03/04 12:00 AM,1002,9,54
2,North West,06/03/04 12:00 AM,1006,9,77.94
2,North West,06/04/04 12:00 AM,1000,7,51.45
2,North West,06/07/04 12:00 AM,1006,2,9
2,North West,06/09/04 12:00 AM,1000,9,60
2,North West,06/13/04 12:00 AM,1006,1,1
2,North West,06/15/04 12:00 AM,1002,3,33.45
2,North West,06/16/04 12:00 AM,1000,9,57.95
2,North West,06/19/04 12:00 AM,1002,5,38.2855
2,North West,06/19/04 12:00 AM,1006,12,85.868
2,North West,06/21/04 12:00 AM,1000,15,93
2,North West,06/21/04 12:00 AM,1006,4,41
2,North West,06/22/04 12:00 AM,1000,2,10
2,North West,06/22/04 12:00 AM,1002,14,127.2001
2,North West,06/24/04 12:00 AM,1002,12,115.45
2,North West,06/27/04 12:00 AM,1000,6,49.9
2,North West,06/28/04 12:00 AM,1000,2,29.5502
2,North West,07/02/04 12:00 AM,1000,9,70.45
2,North West,07/03/04 12:00 AM,1006,12,92.7628
2,North West,07/05/04 12:00 AM,1000,10,67
2,North West,07/06/04 12:00 AM,1000,10,81.434
2,North West,07/06/04 12:00 AM,1006,6,57
2,North West,07/08/04 12:00 AM,1002,8,66.49
2,North West,07/10/04 12:00 AM,1002,2,9
2,North West,07/12/04 12:00 AM,1006,10,95.012
2,North West,07/13/04 12:00 AM,1000,6,26
2,North West,07/18/04 12:00 AM,1002,14,122
2,North West,07/25/04 12:00 AM,1000,2,17.4057
2,North West,07/25/04 12:00 AM,1002,6,42
2,North West,07/26/04 12:00 AM,1000,2,10
2,North West,07/27/04 12:00 AM,1006,10,54
2,North West,07/30/04 12:00 AM,1000,15,145.44
2,North West,07/31/04 12:00 AM,1000,7,76
2,North West,08/02/04 12:00 AM,1002,12,87.6035
2,North West,08/03/04 12:00 AM,1000,1,5
2,North West,08/03/04 12:00 AM,1006,10,69.47
2,North West,08/05/04 12:00 AM,1000,2,19.49
2,North West,08/05/04 12:00 AM,1006,5,39.49
2,North West,08/06/04 12:00 AM,1006,11,48.7836
2,North West,08/07/04 12:00 AM,1006,3,25.95
2,North West,08/10/04 12:00 AM,1006,11,111.395
2,North West,08/11/04 12:00 AM,1000,9,79.88
2,North West,08/12/04 12:00 AM,1002,1,4
2,North West,08/13/04 12:00 AM,1006,2,14
2,North West,08/16/04 12:00 AM,1006,13,123.94
2,North West,08/21/04 12:00 AM,1006,5,28.551
2,North West,08/26/04 12:00 AM,1000,9,93.49
2,North West,08/26/04 12:00 AM,1002,2,7
2,North West,08/26/04 12:00 AM,1006,14,89.6007
2,North West,08/29/04 12:00 AM,1002,9,79.204
2,North West,08/29/04 12:00 AM,1006,4,33
2,North West,08/30/04 12:00 AM,1000,3,30.45
2,North West,09/01/04 12:00 AM,1000,6,61.3759
2,North West,09/02/04 12:00 AM,1002,12,77.45
2,North West,09/06/04 12:00 AM,1000,13,94.44
2,North West,09/08/04 12:00 AM,1002,11,67.98
2,North West,09/10/04 12:00 AM,1000,14,99.3065
2,North West,09/10/04 12:00 AM,1002,4,23
2,North West,09/12/04 12:00 AM,1006,7,50.5907
2,North West,09/16/04 12:00 AM,1006,1,4
2,North West,09/18/04 12:00 AM,1006,2,11.923
2,North West,09/19/04 12:00 AM,1000,8,63.43
2,North West,09/19/04 12:00 AM,1002,2,9.49
2,North West,09/20/04 12:00 AM,1000,9,66.85
2,North West,09/20/04 12:00 AM,1006,11,95.45
2,North West,09/24/04 12:00 AM,1002,2,26
2,North West,09/28/04 12:00 AM,1006,3,12
2,North West,09/29/04 12:00 AM,1006,1,12
2,North West,10/01/04 12:00 AM,1002,3,25
2,North West,10/02/04 12:00 AM,1006,3,11
2,North West,10/05/04 12:00 AM,1000,11,80.96
2,North West,10/06/04 12:00 AM,1006,4,13
2,North West,10/07/04 12:00 AM,1002,11,50.45
2,North West,10/08/04 12:00 AM,1006,4,13.49
2,North West,10/10/04 12:00 AM,1002,5,35
2,North West,10/13/04 12:00 AM,1002,9,75.8525
2,North West,10/13/04 12:00 AM,1006,2,22.102
2,North West,10/14/04 12:00 AM,1006,17,154.6465
2,North West,10/15/04 12:00 AM,1002,11,55.2755
2,North West,10/19/04 12:00 AM,1000,6,35
2,North West,10/20/04 12:00 AM,1002,9,60
2,North West,10/25/04 12:00 AM,1006,2,8
2,North West,11/01/04 12:00 AM,1000,10,60.101
2,North West,11/10/04 12:00 AM,1002,7,43
2,North West,11/10/04 12:00 AM,1006,4,14
2,North West,11/12/04 12:00 AM,1000,8,79.49
2,North West,11/13/04 12:00 AM,1002,2,11.45
2,North West,11/13/04 12:00 AM,1006,3,37
2,North West,11/15/04 12:00 AM,1002,2,21
2,North West,11/16/04 12:00 AM,1000,7,47.95
2,North West,11/20/04 12:00 AM,1002,3,19.45
2,North West,11/23/04 12:00 AM,1002,13,111.8005
2,North West,11/26/04 12:00 AM,1002,13,97.893
2,North West,11/27/04 12:00 AM,1006,7,62.1951
2,North West,11/29/04 12:00 AM,1002,20,141.95
2,North West,12/01/04 12:00 AM,1002,6,50.49
2,North West,12/05/04 12:00 AM,1002,18,154.19
2,North West,12/07/04 12:00 AM,1000,6,44
2,North West,12/10/04 12:00 AM,1000,14,104.24
2,North West,12/10/04 12:00 AM,1002,16,94.9
2,North West,12/12/04 12:00 AM,1002,9,71.45
2,North West,12/13/04 12:00 AM,1002,10,59.45
2,North West,12/13/04 12:00 AM,1006,32,241.43
2,North West,12/14/04 12:00 AM,1000,4,15
2,North West,12/15/04 12:00 AM,1002,12,96.45
2,North West,12/16/04 12:00 AM,1000,20,105.001
2,North West,12/18/04 12:00 AM,1002,14,133.9737
2,North West,12/18/04 12:00 AM,1006,11,96.43
2,North West,12/19/04 12:00 AM,1006,6,51
2,North West,12/21/04 12:00 AM,1006,7,72.173
2,North West,12/22/04 12:00 AM,1006,13,91
2,North West,12/29/04 12:00 AM,1002,12,72.9275
2,North West,12/29/04 12:00 AM,1006,16,79.99
2,North West,01/01/05 12:00 AM,1006,6,38
2,North West,01/03/05 12:00 AM,1000,13,83.93
2,North West,01/04/05 12:00 AM,1000,3,36
2,North West,01/05/05 12:00 AM,1002,14,117
2,North West,01/07/05 12:00 AM,1002,1,14
2,North West,01/09/05 12:00 AM,1002,13,138
2,North West,01/09/05 12:00 AM,1006,17,114.45
2,North West,01/10/05 12:00 AM,1002,8,48
2,North West,01/11/05 12:00 AM,1006,11,60
2,North West,01/13/05 12:00 AM,1000,13,116
2,North West,01/15/05 12:00 AM,1000,3,30
2,North West,01/16/05 12:00 AM,1006,2,10
2,North West,01/17/05 12:00 AM,1006,19,140.41
2,North West,01/18/05 12:00 AM,1002,12,118.62
2,North West,01/19/05 12:00 AM,1000,9,93
2,North West,01/19/05 12:00 AM,1002,8,33.99
2,North West,01/23/05 12:00 AM,1002,10,82
2,North West,01/24/05 12:00 AM,1006,5,33
2,North West,01/25/05 12:00 AM,1006,12,76.6735
2,North West,02/01/05 12:00 AM,1002,21,101.45
2,North West,02/02/05 12:00 AM,1002,11,48
2,North West,02/02/05 12:00 AM,1006,12,53.94
2,North West,02/04/05 12:00 AM,1002,3,18.49
2,North West,02/05/05 12:00 AM,1002,11,87.49
2,North West,02/06/05 12:00 AM,1002,5,26.49
2,North West,02/09/05 12:00 AM,1006,3,17.49
2,North West,02/11/05 12:00 AM,1002,11,80
2,North West,02/12/05 12:00 AM,1002,14,123.39
2,North West,02/14/05 12:00 AM,1002,5,25
2,North West,02/15/05 12:00 AM,1000,8,47.35
2,North West,02/15/05 12:00 AM,1006,12,93.7803
2,North West,02/16/05 12:00 AM,1000,10,75.8
2,North West,02/20/05 12:00 AM,1000,15,125.31
2,North West,02/20/05 12:00 AM,1002,16,104.96
2,North West,02/22/05 12:00 AM,1002,1,12
2,North West,02/23/05 12:00 AM,1000,22,198.41
2,North West,02/24/05 12:00 AM,1000,8,66.49
2,North West,02/26/05 12:00 AM,1000,28,187.051
2,North West,02/27/05 12:00 AM,1002,15,148.4
2,North West,03/02/05 12:00 AM,1000,18,108.5175
2,North West,03/02/05 12:00 AM,1006,11,95.98
2,North West,03/03/05 12:00 AM,1006,13,122.804
2,North West,03/07/05 12:00 AM,1006,4,18
2,North West,03/09/05 12:00 AM,1000,2,8
2,North West,03/14/05 12:00 AM,1006,2,21
2,North West,03/15/05 12:00 AM,1002,1,9.45
2,North West,03/16/05 12:00 AM,1000,5,18
2,North West,03/16/05 12:00 AM,1002,1,11
2,North West,03/17/05 12:00 AM,1006,2,17
2,North West,03/18/05 12:00 AM,1006,4,7.5353
2,North West,03/20/05 12:00 AM,1000,7,51.3104
2,North West,03/23/05 12:00 AM,1002,11,91.48
2,North West,03/24/05 12:00 AM,1006,4,49.94
2,North West,03/26/05 12:00 AM,1002,3,31.3253
2,North West,03/27/05 12:00 AM,1000,24,206.6204
2,North West,03/28/05 12:00 AM,1000,15,146.97
2,North West,03/29/05 12:00 AM,1002,5,39
2,North West,03/29/05 12:00 AM,1006,22,200.29
2,North West,03/30/05 12:00 AM,1002,8,65.8089
2,North West,03/31/05 12:00 AM,1006,12,90.8162
2,North West,04/01/05 12:00 AM,1000,11,86.592
2,North West,04/01/05 12:00 AM,1002,13,70.49
2,North West,04/02/05 12:00 AM,1000,2,20.7655
2,North West,04/03/05 12:00 AM,1006,5,30
2,North West,04/04/05 12:00 AM,1002,4,15
2,North West,04/06/05 12:00 AM,1002,8,54.95
2,North West,04/07/05 12:00 AM,1000,3,22
2,North West,04/08/05 12:00 AM,1000,16,93.45
2,North West,04/09/05 12:00 AM,1000,3,13
2,North West,04/10/05 12:00 AM,1000,16,119
2,North West,04/10/05 12:00 AM,1002,15,88.99
2,North West,04/14/05 12:00 AM,1002,14,151.56
2,North West,04/19/05 12:00 AM,1006,16,127.6523
2,North West,04/21/05 12:00 AM,1000,6,58
2,North West,04/21/05 12:00 AM,1002,5,61.42
2,North West,04/22/05 12:00 AM,1000,10,86.2701
2,North West,04/23/05 12:00 AM,1006,1,4
2,North West,04/27/05 12:00 AM,1006,7,21.45
2,North West,05/01/05 12:00 AM,1000,10,94.49
2,North West,05/02/05 12:00 AM,1000,4,43.4408
2,North West,05/03/05 12:00 AM,1006,6,49.0465
2,North West,05/04/05 12:00 AM,1000,20,172.91
2,North West,05/06/05 12:00 AM,1002,12,104.351
2,North West,05/07/05 12:00 AM,1000,3,21.49
2,North West,05/07/05 12:00 AM,1002,18,134.711
2,North West,05/11/05 12:00 AM,1002,4,33
2,North West,05/12/05 12:00 AM,1000,9,90.7255
2,North West,05/13/05 12:00 AM,1002,13,96.3351
2,North West,05/17/05 12:00 AM,1000,14,115
2,North West,05/18/05 12:00 AM,1002,21,159.96
2,North West,05/21/05 12:00 AM,1002,17,155.918
2,North West,05/26/05 12:00 AM,1002,8,87.75
2,North West,05/28/05 12:00 AM,1000,9,76.98
2,North West,05/28/05 12:00 AM,1002,10,59
2,North West,05/30/05 12:00 AM,1006,12,72
2,North West,06/01/05 12:00 AM,1002,12,115.1601
2,North West,06/04/05 12:00 AM,1000,3,45
2,North West,06/04/05 12:00 AM,1002,1,4
2,North West,06/06/05 12:00 AM,1006,8,70
2,North West,06/07/05 12:00 AM,1000,3,16
2,North West,06/09/05 12:00 AM,1000,11,99
2,North West,06/12/05 12:00 AM,1002,5,33
2,North West,06/13/05 12:00 AM,1006,8,69.98
2,North West,06/14/05 12:00 AM,1006,11,50
2,North West,06/15/05 12:00 AM,1000,16,170.46
2,North West,06/18/05 12:00 AM,1002,12,126
2,North West,06/18/05 12:00 AM,1006,8,44.45
2,North West,06/21/05 12:00 AM,1002,5,28.2691
2,North West,06/21/05 12:00 AM,1006,10,67.49
2,North West,06/22/05 12:00 AM,1006,2,22
2,North West,06/23/05 12:00 AM,1000,4,16
2,North West,06/23/05 12:00 AM,1006,10,60
2,North West,06/24/05 12:00 AM,1000,11,64
2,North West,06/28/05 12:00 AM,1002,10,83.49
2,North West,06/29/05 12:00 AM,1000,8,70.39
2,North West,06/29/05 12:00 AM,1002,4,21.49
2,North West,07/04/05 12:00 AM,1000,10,86.835
2,North West,07/05/05 12:00 AM,1002,12,107
2,North West,07/06/05 12:00 AM,1002,2,18.49
2,North West,07/09/05 12:00 AM,1002,11,74.755
2,North West,07/10/05 12:00 AM,1002,8,74.42
2,North West,07/11/05 12:00 AM,1000,6,50.0516
2,North West,07/12/05 12:00 AM,1002,4,33.49
2,North West,07/15/05 12:00 AM,1000,8,42.7706
2,North West,07/18/05 12:00 AM,1000,3,27.9
2,North West,07/21/05 12:00 AM,1006,11,101.2675
2,North West,07/23/05 12:00 AM,1006,20,134.498
2,North West,07/24/05 12:00 AM,1002,13,96
2,North West,07/26/05 12:00 AM,1000,7,21
2,North West,07/28/05 12:00 AM,1006,6,35.6602
2,North West,07/29/05 12:00 AM,1006,15,112.49
2,North West,07/30/05 12:00 AM,1000,4,26
2,North West,07/30/05 12:00 AM,1002,2,16
2,North West,07/31/05 12:00 AM,1006,18,155.43
2,North West,08/01/05 12:00 AM,1000,10,71.591
2,North West,08/03/05 12:00 AM,1002,11,68.96
2,North West,08/04/05 12:00 AM,1006,1,10.45
2,North West,08/07/05 12:00 AM,1000,12,73.45
2,North West,08/08/05 12:00 AM,1002,9,84.95
2,North West,08/10/05 12:00 AM,1000,17,100.541
2,North West,08/10/05 12:00 AM,1002,15,87.453
2,North West,08/11/05 12:00 AM,1000,8,105.7751
2,North West,08/13/05 12:00 AM,1000,1,9
2,North West,08/18/05 12:00 AM,1000,8,54
2,North West,08/19/05 12:00 AM,1002,21,137
2,North West,08/20/05 12:00 AM,1002,5,51.151
2,North West,08/24/05 12:00 AM,1002,13,96.49
2,North West,08/25/05 12:00 AM,1000,11,61.45
2,North West,08/27/05 12:00 AM,1006,9,83.0603
2,North West,08/28/05 12:00 AM,1000,20,152.95
2,North West,08/31/05 12:00 AM,1000,10,57.49
2,North West,09/01/05 12:00 AM,1000,7,47.45
2,North West,09/02/05 12:00 AM,1006,3,14
2,North West,09/03/05 12:00 AM,1006,13,132
2,North West,09/04/05 12:00 AM,1000,1,3
2,North West,09/08/05 12:00 AM,1002,13,79.5935
2,North West,09/10/05 12:00 AM,1000,6,26
2,North West,09/10/05 12:00 AM,1002,9,55.99
2,North West,09/11/05 12:00 AM,1000,5,35.0808
2,North West,09/12/05 12:00 AM,1002,1,11.49
2,North West,09/14/05 12:00 AM,1006,11,95.98
2,North West,09/15/05 12:00 AM,1002,4,29
2,North West,09/16/05 12:00 AM,1000,1,14
2,North West,09/17/05 12:00 AM,1000,4,32.933
2,North West,09/20/05 12:00 AM,1006,14,120.47
2,North West,09/21/05 12:00 AM,1000,8,42.4848
2,North West,09/24/05 12:00 AM,1000,2,15
2,North West,09/25/05 12:00 AM,1006,22,186.93
2,North West,09/26/05 12:00 AM,1002,12,112.45
2,North West,09/27/05 12:00 AM,1000,4,24.9
2,North West,09/27/05 12:00 AM,1006,1,8
2,North West,09/28/05 12:00 AM,1000,21,134.7122
2,North West,09/28/05 12:00 AM,1006,10,90.49
2,North West,09/30/05 12:00 AM,1002,2,14.155
2,North West,10/01/05 12:00 AM,1000,2,8
2,North West,10/03/05 12:00 AM,1006,10,69.5202
2,North West,10/04/05 12:00 AM,1000,3,17
2,North West,10/06/05 12:00 AM,1000,14,116
2,North West,10/06/05 12:00 AM,1002,9,44.732
2,North West,10/07/05 12:00 AM,1000,14,89.8108
2,North West,10/07/05 12:00 AM,1006,9,86.8351
2,North West,10/08/05 12:00 AM,1006,10,48
2,North West,10/09/05 12:00 AM,1002,7,39
2,North West,10/12/05 12:00 AM,1006,7,56.49
2,North West,10/13/05 12:00 AM,1000,5,49
2,North West,10/15/05 12:00 AM,1000,8,58.8055
2,North West,10/15/05 12:00 AM,1002,12,89.6101
2,North West,10/16/05 12:00 AM,1006,9,60.49
2,North West,10/17/05 12:00 AM,1002,16,132.94
2,North West,10/18/05 12:00 AM,1002,9,45.45
2,North West,10/18/05 12:00 AM,1006,11,104.95
2,North West,10/20/05 12:00 AM,1000,7,65.96
2,North West,10/20/05 12:00 AM,1002,1,4
2,North West,10/24/05 12:00 AM,1006,3,21.99
2,North West,10/29/05 12:00 AM,1006,9,84
2,North West,11/02/05 12:00 AM,1006,10,66.95
2,North West,11/04/05 12:00 AM,1000,8,50.98
2,North West,11/05/05 12:00 AM,1002,6,35.45
2,North West,11/06/05 12:00 AM,1002,7,72.93
2,North West,11/07/05 12:00 AM,1006,8,66.2255
2,North West,11/14/05 12:00 AM,1006,15,144.8
2,North West,11/20/05 12:00 AM,1006,8,59.9
2,North West,11/21/05 12:00 AM,1000,3,31.98
2,North West,11/22/05 12:00 AM,1002,25,165.44
2,North West,11/23/05 12:00 AM,1006,5,44.45
2,North West,11/24/05 12:00 AM,1000,15,119.692
2,North West,11/24/05 12:00 AM,1006,4,40.47
2,North West,11/28/05 12:00 AM,1002,9,83.25
2,North West,11/28/05 12:00 AM,1006,12,137.45
2,North West,11/29/05 12:00 AM,1002,7,51
2,North West,11/30/05 12:00 AM,1002,20,121.7735
2,North West,12/01/05 12:00 AM,1006,13,118.3175
2,North West,12/02/05 12:00 AM,1002,20,211.0302
2,North West,12/03/05 12:00 AM,1000,11,93.2755
2,North West,12/06/05 12:00 AM,1002,20,133.8
2,North West,12/07/05 12:00 AM,1002,5,47
2,North West,12/08/05 12:00 AM,1006,2,11
2,North West,12/10/05 12:00 AM,1002,1,4
2,North West,12/12/05 12:00 AM,1000,2,4
2,North West,12/12/05 12:00 AM,1002,10,79.4259
2,North West,12/12/05 12:00 AM,1006,3,29.99
2,North West,12/15/05 12:00 AM,1006,18,111.98
2,North West,12/17/05 12:00 AM,1000,11,110.23
2,North West,12/22/05 12:00 AM,1000,1,10
2,North West,12/22/05 12:00 AM,1006,7,64.742
2,North West,12/23/05 12:00 AM,1000,15,115.3885
2,North West,12/24/05 12:00 AM,1002,5,29.073
2,North West,12/24/05 12:00 AM,1006,9,65.2495
2,North West,12/25/05 12:00 AM,1000,9,74
2,North West,12/26/05 12:00 AM,1000,2,21
2,North West,12/27/05 12:00 AM,1002,10,68
2,North West,12/27/05 12:00 AM,1006,15,107
2,North West,12/29/05 12:00 AM,1002,16,130.131
2,North West,12/31/05 12:00 AM,1000,4,25.45
