FirstName(String),MiddleInitial(String),LastName(String),Address1(String),Address2(String),City(String),Region(String),PostalCode(Integer),Country(String)
Abraham,H,Ferro,9996 S. Hooker Drive,,Beaverton,OR,10804,USA
Aida,,Strader,20759 Lincoln Blvd.,,Beaverton,OR,10804,USA
Alexandro,V,Althouse,3333 Watson Lane,,Beaverton,OR,10804,USA
Anamarie,,Lauzon,28708 W. Jewell Lane,,Beaverton,OR,10804,USA
Ann,B,Stejskal,2272 S. Benson Ave.,,Beaverton,OR,10804,USA
Art,E,Mohs,28386 MacArthur Parkway,,Beaverton,OR,10804,USA
Ayanaa,F,Leedy,5668 Ford Blvd.,Suite 32,Beaverton,OR,10804,USA
Barri,K,Thweatt,31636 W. Race Ave.,Suite 20,Beaverton,OR,10804,USA
Belinda,Z,Valdez,6109 Ironside Parkway,,Beaverton,OR,10804,USA
Bertha,X,Loisel,P.O. Box #16371,,Beaverton,OR,10804,USA
Beth,Q,Ogren,7606 W. Ohio Ave.,,Beaverton,OR,10804,USA
Bettye,,Soloman,36392 Monroe Ave.,,Beaverton,OR,10804,USA
Bill,,Clever,7937 Chart Way,,Beaverton,OR,10804,USA
Brad,O,Kelm,46983 Walnut Woods Street,,Beaverton,OR,10804,USA
Brandon,,Alphonse,8462 Pearl Lane,Apt. #126,Beaverton,OR,10804,USA
Brett,A,Thong,32191 Race Lane,Suite A,Beaverton,OR,10804,USA
Brradley,Q,Tyree,307 14th Road,,Beaverton,OR,10804,USA
Celvin,S,Armor,49813 S. Liberty Blvd.,,Beaverton,OR,10804,USA
Chaim,P,Chason,48485 Barton Street,,Beaverton,OR,10804,USA
Chritien,T,Slaymaker,4777 Cook Road,,Beaverton,OR,10804,USA
Cleo,U,Wiener,7656 Ball Drive,Suite 44,Beaverton,OR,10804,USA
Colin,E,Mcnulty,683 Gilkey Parkway,,Beaverton,OR,10804,USA
Colleen,X,Ruck,24227 N. Arnold Blvd.,,Beaverton,OR,10804,USA
Conley,X,Zeringue,8279 N. Tyler Parkway,,Beaverton,OR,10804,USA
Constance,G,Buske,7464 W. 26th Road,,Beaverton,OR,10804,USA
Darrell,A,Temme,40743 W. Gilkey Street,,Beaverton,OR,10804,USA
Darrin,P,Fried,841 E. Jenner Blvd.,Apt. #54,Beaverton,OR,10804,USA
Della,G,Macaulay,28229 E. Market Parkway,Apt. #378,Beaverton,OR,10804,USA
Dennis,O,Rakowski,P.O. Box #17661,,Beaverton,OR,10804,USA
Dianne,I,Grays,9720 W. Grand Ravine Parkway,Apt. #209,Beaverton,OR,10804,USA
Dick,Z,Waldon,43569 Meadow Park Way,,Beaverton,OR,10804,USA
Don,,Poyer,3348 W. Mandy Road,,Beaverton,OR,10804,USA
Elisabeth,J,Slye,9539 Jacobs Circle Road,,Beaverton,OR,10804,USA
Eloise,E,Newcombe,21896 W. Charlie Blvd.,,Beaverton,OR,10804,USA
Elza,,Borucki,710 S. Stone Lane,Apt. #574,Beaverton,OR,10804,USA
Felipe,Q,Perkinson,7628 Fairway Ave.,Suite 10,Beaverton,OR,10804,USA
Frazier,M,Yearby,9070 35th Road,,Beaverton,OR,10804,USA
G. Elaine,F,Super,6580 Liberty Way,,Beaverton,OR,10804,USA
Ginny,E,Hintzen,7645 Highland Parkway,,Beaverton,OR,10804,USA
Gledola,V,Leathers,920 S. 36th Drive,,Beaverton,OR,10804,USA
Glen,O,Soper,4770 State Street,,Beaverton,OR,10804,USA
Guadalupe (lou),F,Edmondson,1341 Cedar Drive,,Beaverton,OR,10804,USA
Haider,S,Gloster,1373 Cedar Blvd.,,Beaverton,OR,10804,USA
Henri,H,Pauline,33641 9th Street,,Beaverton,OR,10804,USA
James,Q,Mackley,19902 N. 25th Ave.,Apt. #196,Beaverton,OR,10804,USA
Janice,J,Dupont,3986 Washington Ave.,,Beaverton,OR,10804,USA
Jeannie,,Jain,6371 W. Ida Lane,,Beaverton,OR,10804,USA
Jenaro,W,Hart,15155 Montgomery Lane,Apt. #120,Beaverton,OR,10804,USA
Jess,I,Samford,24521 E. Shriner Ave.,,Beaverton,OR,10804,USA
John (jack),T,Severino,7666 Hubbard Parkway,,Beaverton,OR,10804,USA
Juan,J,Donelan,8227 Bond Parkway,,Beaverton,OR,10804,USA
Judine,P,Simerly,18670 N. Kent Ave.,,Beaverton,OR,10804,USA
June,G,Sorge,47584 Terrace Parkway,,Beaverton,OR,10804,USA
Kathie,Q,Depaz,6774 Lisa Way,,Beaverton,OR,10804,USA
Kelly,X,Tassone,7140 W. Cass Parkway,Suite 14,Beaverton,OR,10804,USA
Kurtis,E,Honaker,7187 Montgomery Road,,Beaverton,OR,10804,USA
Lindley,S,Gettinger,5201 E. Jersey Road,,Beaverton,OR,10804,USA
Lindsay,,Arner,41900 MacArthur Lane,,Beaverton,OR,10804,USA
Manuel,S,Franko,8243 W. Hubbardston Lane,,Beaverton,OR,10804,USA
Margarita,E,Brashier,17160 E. 17th Blvd.,,Beaverton,OR,10804,USA
Marilyn,G,Canning,5326 Franklin Way,,Beaverton,OR,10804,USA
Marjorie,,Hamed,8186 N. Conifer Parkway,,Beaverton,OR,10804,USA
Mary Anne,S,Donnelly,9109 N. Fenway Drive,,Beaverton,OR,10804,USA
Mary Jo,,Cuesta,3061 S. 18th Drive,,Beaverton,OR,10804,USA
Maryanne,A,Keough,9155 Hubbard Ave.,,Beaverton,OR,10804,USA
Maryfrances,J,Edmonson,46571 19th Ave.,,Beaverton,OR,10804,USA
Masao,H,Dunwoody,43868 Center Street,,Beaverton,OR,10804,USA
Melanie,,Suman,2858 Gayhart Drive,,Beaverton,OR,10804,USA
Melvin,O,Motter,11422 S. Wakefield Drive,Suite 44,Beaverton,OR,10804,USA
Michael,X,Mckinny,3841 N. Allegan Parkway,Apt. #491,Beaverton,OR,10804,USA
Neal,S,Turley,3173 Willow Ave.,Apt. #763,Beaverton,OR,10804,USA
Nichole,W,Mahn,8541 Court Blvd.,,Beaverton,OR,10804,USA
Nicky,L,Wayman,115 Conference Parkway,Suite 6,Beaverton,OR,10804,USA
Norman,A,Doolan,45530 S. Huddle Road,Apt. #655,Beaverton,OR,10804,USA
Odonna,,Krabbe,18329 S. Ferris Parkway,,Beaverton,OR,10804,USA
Perpetua,V,Stackhouse,887 9th Lane,Suite E,Beaverton,OR,10804,USA
Prudence,C,Desjardin,3750 N. Woodview Street,,Beaverton,OR,10804,USA
Py,S,Zerbe,755 40th Blvd.,Apt. #946,Beaverton,OR,10804,USA
Ritchie,L,Roff,P.O. Box #3724,,Beaverton,OR,10804,USA
Ron,J,Urenda,5563 S. 27th Way,,Beaverton,OR,10804,USA
Rosalina,,Kiddy,5507 E. Franklin Parkway,,Beaverton,OR,10804,USA
Roswitha,U,Gillis,9098 N. Conference Blvd.,Apt. #49,Beaverton,OR,10804,USA
Rusty,C,Haverty,5726 Huddle Drive,,Beaverton,OR,10804,USA
S. Inga,,Mc Keon,5568 Madison Parkway,,Beaverton,OR,10804,USA
Safron,,Deck,19865 W. Briggs Ave.,,Beaverton,OR,10804,USA
Sherea,,Kosloski,28938 N. Robinson Street,,Beaverton,OR,10804,USA
Sierra,G,Pucell,9565 W. Watson Road,,Beaverton,OR,10804,USA
Sonny,O,Dacus,24328 N. Mandy Lane,,Beaverton,OR,10804,USA
Sumner,B,Haith,7808 E. Gene Road,,Beaverton,OR,10804,USA
Susana,W,Halliday,2666 S. Pierce Way,,Beaverton,OR,10804,USA
Suzy,,Mcneely,2561 Hemlock Blvd.,,Beaverton,OR,10804,USA
Verdis,K,Buttner,31642 N. Lake Street,,Beaverton,OR,10804,USA
Victor,O,Mcnitt,8988 5th Street,,Beaverton,OR,10804,USA
Vierlyn,B,Willms,8678 Charlie Lane,,Beaverton,OR,10804,USA
Vina,T,Zellars,2032 W. 17th Way,Suite 12,Beaverton,OR,10804,USA
Wade,N,Devos,29372 W. Mill Way,Apt. #549,Beaverton,OR,10804,USA
Wendie,M,Byerly,5170 W. Lake Road,,Beaverton,OR,10804,USA
William,F,Severe,7878 N. 14th Blvd.,,Beaverton,OR,10804,USA
Yumiko,,Lascano,29599 S. Woodview Way,,Beaverton,OR,10804,USA
Zarmina,,Brownell,8911 E. Liberty Blvd.,,Beaverton,OR,10804,USA
Abraham,,Bou,5223 Saint Johns Way,,Ladner,BC,10256,Canada
Adriane,B,Begor,12605 Hardwood Way,,Ladner,BC,10256,Canada
Aimee,A,Bobik,26933 Tyler Lane,,Ladner,BC,10256,Canada
Alesia,G,Graydon,22923 Gayhart Road,,Ladner,BC,10256,Canada
Alexandro,I,Michalik,P.O. Box #12563,,Ladner,BC,10256,Canada
Alfred,A,Riveria,P.O. Box #10078,,Ladner,BC,10256,Canada
Andro,C,Eady,20990 Tasker Blvd.,,Ladner,BC,10256,Canada
Anneliese,E,Przybylski,2206 Sherbrooke Ave.,,Ladner,BC,10256,Canada
April,A,Cordes,1732 E. Chicago Way,,Ladner,BC,10256,Canada
Aranda,C,Gershman,9040 W. Charlie Lane,,Ladner,BC,10256,Canada
Barbara Ann,Y,Abler,26356 4th Ave.,Suite 44,Ladner,BC,10256,Canada
Bette,,Gwartney,6276 Fairgrounds Parkway,,Ladner,BC,10256,Canada
Blade,L,Reinhardt,2642 Sherman Way,Suite 20,Ladner,BC,10256,Canada
Bob,,Riss,6574 E. Ohio Way,Suite 32,Ladner,BC,10256,Canada
Brett,O,Brennen,3097 W. Deer Run Drive,,Ladner,BC,10256,Canada
Cameel,,Morita,9354 E. 2nd Road,,Ladner,BC,10256,Canada
Carlton,L,Becenti,5938 22nd Parkway,,Ladner,BC,10256,Canada
Caroline,D,Littleton,6014 Vernon Lane,,Ladner,BC,10256,Canada
Cary,X,Corona,6643 Bridge Blvd.,,Ladner,BC,10256,Canada
Chester,C,Bagdis,18915 Marshall Ave.,,Ladner,BC,10256,Canada
Christina,P,Lo,9159 Michigan Street,Apt. #697,Ladner,BC,10256,Canada
Cindy,B,Newcomb,29456 W. State Drive,,Ladner,BC,10256,Canada
Clark,,Shows,41013 Port Sheldon Ave.,,Ladner,BC,10256,Canada
Cloyce,,Bowley,6172 Hays Parkway,,Ladner,BC,10256,Canada
Daniella,T,Fullen,8673 W. Bass Drive,Suite B,Ladner,BC,10256,Canada
Deirdre,J,Cattaneo,5143 Luce Blvd.,,Ladner,BC,10256,Canada
Denyse,P,Willms,36250 Village Street,,Ladner,BC,10256,Canada
Dewey,C,Mahone,44678 W. 10th Way,Apt. #413,Ladner,BC,10256,Canada
Dianne,,Blanchette,9641 E. Indian Hills Ave.,,Ladner,BC,10256,Canada
Dianne,,Wible,1728 Willow Bark Blvd.,Apt. #595,Ladner,BC,10256,Canada
Eddie,D,Grauer,13584 N. York Blvd.,Apt. #806,Ladner,BC,10256,Canada
Evertt,,Harbin,3742 27th Blvd.,,Ladner,BC,10256,Canada
Ezelle,S,Stockard,2002 Fulton Street,,Ladner,BC,10256,Canada
Faith,,Gregor,11382 Orleans Ave.,,Ladner,BC,10256,Canada
Fern,B,Malott,2980 Alberta Lane,,Ladner,BC,10256,Canada
Fredrick,F,Hennis,15240 N. Luce Blvd.,,Ladner,BC,10256,Canada
Fusako,N,Mcentire,387 Court Ave.,Suite 42,Ladner,BC,10256,Canada
Fusako,Z,Klann,3751 Kester Blvd.,,Ladner,BC,10256,Canada
Geneva,,Wash,7226 S. Saint Johns Road,,Ladner,BC,10256,Canada
Geoff,Z,Studer,1390 E. North Street,,Ladner,BC,10256,Canada
Gery,E,Bojorquez,1908 Marina Road,Apt. #317,Ladner,BC,10256,Canada
Helen,T,Hudvinen,1412 S. June Way,,Ladner,BC,10256,Canada
Hilary,A,Toole,23789 Deer Blvd.,Suite 32,Ladner,BC,10256,Canada
Hudson,I,Shrader,9361 S. Tanglewood Ave.,,Ladner,BC,10256,Canada
Iris,M,Henne,4966 E. North Parkway,Suite B,Ladner,BC,10256,Canada
J. Scott,J,Khoury,39708 S. Airport Ave.,,Ladner,BC,10256,Canada
Jacquelyn,Z,Kimrey,31091 Cod Ave.,,Ladner,BC,10256,Canada
Jared,M,Earle,3504 Jefferson Blvd.,,Ladner,BC,10256,Canada
John Clark,M,Junker,5768 N. Port Sheldon Ave.,,Ladner,BC,10256,Canada
Jose,E,Woodfork,4563 Ridgeway Road,Apt. #731,Ladner,BC,10256,Canada
Josef,G,Bellon,4828 Fairlane Lane,,Ladner,BC,10256,Canada
Kathleen (kay),Q,Markrud,2950 W. Alberta Road,,Ladner,BC,10256,Canada
Kimbra,L,Bastrana,49242 W. Begole Parkway,,Ladner,BC,10256,Canada
Korri,Y,Kriebel,7188 Jamie Street,,Ladner,BC,10256,Canada
Kyrstin,F,Ober,4336 Muriel Drive,,Ladner,BC,10256,Canada
L. Paul,O,Mcguinn,9649 MacArthur Blvd.,Apt. #305,Ladner,BC,10256,Canada
Lawanda,F,Yann,5569 N. Montgomery Way,Apt. #170,Ladner,BC,10256,Canada
Lillian,U,Myricks,7788 S. Burton Road,,Ladner,BC,10256,Canada
Lizette,,Ewan,8169 Jeffrey Lane,,Ladner,BC,10256,Canada
Loraine,E,Witzke,17732 hastings Street,,Ladner,BC,10256,Canada
Loraine,U,Dambrosio,16653 Bachman Ave.,,Ladner,BC,10256,Canada
Mae,J,Westley,32860 S. Holland Ave.,,Ladner,BC,10256,Canada
Mahasti,O,Rathke,4707 Industrial Park Ave.,,Ladner,BC,10256,Canada
Maila,N,Mcinerney,4465 8th Street,,Ladner,BC,10256,Canada
Maisy,H,Larkey,12044 E. Emerson Parkway,,Ladner,BC,10256,Canada
Marcelina,M,Felmlee,6781 S. Elmwood Street,,Ladner,BC,10256,Canada
Marin,,Schlatter,5730 Hardwood Blvd.,,Ladner,BC,10256,Canada
Maryan,X,Lomas,1322 E. Perch Blvd.,,Ladner,BC,10256,Canada
Megan,C,Alvarado,25013 W. Murial Road,Suite E,Ladner,BC,10256,Canada
Nadene,C,Roosevelt,48731 E. West Drive,Suite 0,Ladner,BC,10256,Canada
Naldo,C,Celestin,5274 Jamie Blvd.,,Ladner,BC,10256,Canada
Nanalee,,Pedro,38311 25th Lane,,Ladner,BC,10256,Canada
Nasrin,P,Six,9479 Swan Parkway,,Ladner,BC,10256,Canada
Ned,Z,Brey,611 Gayhart Road,,Ladner,BC,10256,Canada
Neva,R,Loiselle,1360 N. Francis Parkway,,Ladner,BC,10256,Canada
Nicolette,X,Bloomfeild,8473 Benhoy Road,Suite 38,Ladner,BC,10256,Canada
Paige,J,Merrow,938 Gilkey Blvd.,,Ladner,BC,10256,Canada
Peggy,,Grand,4728 Montgomery Lane,,Ladner,BC,10256,Canada
Polly,G,Fullenkamp,1936 N. Harmony Lane,Apt. #650,Ladner,BC,10256,Canada
Ray,M,Boydston,2828 Orchard Way,,Ladner,BC,10256,Canada
Reinhold,J,Gerner,P.O. Box #19012,,Ladner,BC,10256,Canada
Reynaldo,Q,Shellenbarger,3096 Delano Drive,Apt. #219,Ladner,BC,10256,Canada
Rhoda,S,Isaman,5881 Nicholson Road,,Ladner,BC,10256,Canada
Ronnie,X,Mcateer,7375 Kester Street,Apt. #92,Ladner,BC,10256,Canada
Rudolf,O,Witter,27689 Industrial Park Street,,Ladner,BC,10256,Canada
Saje,F,Curran,39155 Frong Drive,,Ladner,BC,10256,Canada
Shanieadin,P,Zucco,34263 S. 26th Street,,Ladner,BC,10256,Canada
Shay,E,Jurado,4494 N. Pearl Way,,Ladner,BC,10256,Canada
Sherman,T,Lammert,19905 Cutter Blvd.,Suite 30,Ladner,BC,10256,Canada
Stacy,R,Monreal,33471 Allen Ave.,Suite D,Ladner,BC,10256,Canada
Tammy,A,Bertelloti,25061 S. Melrose Lane,,Ladner,BC,10256,Canada
Taylor,B,Duggins,1523 Pine Crest Blvd.,Suite 0,Ladner,BC,10256,Canada
Tori,T,Gravitt,5779 Elmwood Way,,Ladner,BC,10256,Canada
Tripoli,S,Wilmoth,12047 33rd Drive,,Ladner,BC,10256,Canada
Troilus,P,Cearley,27723 Buchanan Ave.,Apt. #509,Ladner,BC,10256,Canada
V. Ola,K,Appleberry,43602 S. Colfax Street,,Ladner,BC,10256,Canada
Verna,S,Seneca,6401 Calgary Drive,,Ladner,BC,10256,Canada
Wavley,O,Wooding,6206 Douglas Ave.,,Ladner,BC,10256,Canada
Willis,Y,Sutherlin,13027 Tyler Road,,Ladner,BC,10256,Canada
Zach,Q,Chappelle,9228 Pike Parkway,,Ladner,BC,10256,Canada
